,input,actual,predicted
0,deal,_deal ,"(0, '_deal')"
1,i need to have the hat,_need( _hats 1 ) ,"(1, '_need( _hats 1 )')"
2,no it's not,_no ,"(2, '_nodeal')"
3,so the hats and a book for me ?,_need( _books 1 _hats all ) ,"(3, '_need( _books 1 _hats all )')"
4,"im a reader , so id like the books . . . . you may have the hats and ball",_need( _books all ) _offer( _hats all _balls 1) ,"(4, '_need( _books 1 _hats all _balls all)')"
5,i'll take the book and two hats then ?,_need( _books 1 _hats 2 ) ,"(5, '_need( _books 1 _hats 2 )')"
6,i need 2 balls and a hat,_need( _hats 1 _balls 2) ,"(6, '_need( _hats 1 _balls 2)')"
7,i need the book or it's no deal .,_need( _books 1 ) ,"(7, '_need( _books 1 )')"
8,alright no deal,_nodeal ,"(8, '_nodeal')"
9,you can have one ball 1 hat,_offer( _hats 1 _balls 1) ,"(9, '_offer( _hats 1 _balls 1)')"
10,no deal i am keeping the book,_no _need( _books 1 ) ,"(10, '_nodeal _offer( _books 1 )')"
11,okay,_deal ,"(11, '_deal')"
12,ok i want the hat and you can have the rest,_yes _need( _hats 1 ) _offer( _books all _balls all) ,"(12, '_deal _need( _hats 1 ) _offer( rest)')"
13,"i'll take the hat , you can have the rest .",_need( _hats 1 ) _offer( _books all _balls all) ,"(13, '_need( _hats 1 ) _offer( rest)')"
14,"i would like the balls , hat and 2 books",_need( _books 2 _hats 1 _balls all) ,"(14, '_need( _books 2 _hats 1 _balls 1)')"
15,"you did not suggest hat and ball . you suggested i take the ball , that makes you unreasonable so dont be a hypocrite . you can have only the hats at this point",_need( _books all _balls all) _offer( _hats all ) ,"(15, '_offer _need( _hats 1 _balls 1)')"
16,i can take the hats and one book and you can have the res,_need( _books 1 _hats all ) _offer( _books rest _balls all) ,"(16, '_offer( _books 1 _hats all )')"
17,deal .,_deal ,"(17, '_deal')"
18,yes . deal ?,_yes ,"(18, '_deal')"
19,"i'll take the book and hat , you can have the balls",_need( _books 1 _hats 1 ) _offer( _balls all) ,"(19, '_need( _books 1 _hats 1 ) _offer( all _balls 1)')"
20,i would like 1 of each,_need( _books 1 _hats 1 _balls 1) ,"(20, '_need( _balls 1 )')"
21,"okay , it's a deal .",_deal ,"(21, '_deal')"
22,i need the hats you can have everything else,_need( _hats all ) _offer( _books all _balls all) ,"(22, '_need( _hats all ) _offer( rest)')"
23,no deal,_nodeal ,"(23, '_nodeal _deal')"
24,i'll take books and hat if you want the balls,_need( _books all _hats all ) _offer( _balls all) ,"(24, '_need( _books all _hats 1 ) _offer( all)')"
25,hello,_greeting ,"(25, '_greeting')"
26,deal !,_deal ,"(26, '_deal')"
27,ok deal,_deal ,"(27, '_deal')"
28,i'll take two balls and the book .,_need( _books 1 _balls 2) ,"(28, '_need( _books 1 _balls 2 )')"
29,"okay , i'll take the hat , one ball and one book ?",_need( _books 1 _hats 1 _balls 1) ,"(29, '_yes _need( _books 1 _hats 1) _balls 1)')"
30,deal,_deal ,"(30, '_deal')"
31,"sorry , i won`t make a deal without a hat",_counteroffer _need( _hats 1 ) ,"(31, '_need( _hats 1 _deal )')"
32,i need the hats and the ball,_need( _hats all _balls 1) ,"(32, '_need( _hats 1 _balls 1)')"
33,no deal,_nodeal ,"(33, '_nodeal _deal')"
34,no deal,_nodeal ,"(34, '_nodeal _deal')"
35,okay,_deal ,"(35, '_deal')"
36,okay thank you .,_deal ,"(36, '_deal _thanks')"
37,okay .,_deal ,"(37, '_deal')"
38,"fine , i get both hats",_yes _need( _hats 2 ) ,"(38, '_need( _hats 2 )')"
39,take all the balls i keep everything else,_need( _books all _hats all ) _offer( _balls all) ,"(39, '_need( _balls all)')"
40,"can i keep a hat at least , its cold",_need( _hats 1 ) ,"(40, '_need( _hats 1 )')"
41,deal,_deal ,"(41, '_deal')"
42,could you just take the hat and give me the rest ?,_need( rest) _offer( _hats 1 ) ,"(42, '_need( _hats 1 ) _offer( rest)')"
43,"hi , i would like 2 balls and 1 hat .",_greeting _need( _hats 1? _balls 2) ,"(43, '_greeting _need( _hats 1 _balls 2 )')"
44,can i have 1 ball and give you a book for it ?,_need( _balls 1) _offer( _books 1 ) ,"(44, '_need( _books 1 _balls 1)')"
45,deal,_deal ,"(45, '_deal')"
46,sounds like a deal !,_deal ,"(46, '_deal')"
47,"so 3 balls for you , the rest to me ?",_need( rest) _offer( _balls 3) ,"(47, '_need( rest) _offer( _balls 3 )')"
48,hat and two balls for me,_need( _hats 1 _balls 2) ,"(48, '_need( _hats 2 _balls 1)')"
49,"i'd like to have 2 balls , please . you can have the rest",_need( _balls 2) _offer( rest) ,"(49, '_need( _balls 2 ) _offer( rest)')"
50,"can i have the the book , one hat and one ball",_need( _books 1 _hats 1 _balls 1) ,"(50, '_need( _books 1 _hats 1 ) _balls 1)')"
51,i would like hat and 2 balls,_need( _hats 1 _balls 2) ,"(51, '_need( _hats 2 _balls 1)')"
52,"ok , deal",_deal ,"(52, '_deal')"
53,you can take all the books but i would like 2 balls at least and one hat,_need( _hats 1 _balls 2) _offer( _books all ) ,"(53, '_need( _hats 1 _balls 2)')"
54,can i have the book and the hat ?,_need( _books 1 _hats 1 ) ,"(54, '_need( _books 1 _hats 1 )')"
55,deal .,_deal ,"(55, '_deal')"
56,i need the books and the hat,_need( _books all _hats 1 ) ,"(56, '_need( _books all _hats 1 )')"
57,deal,_deal ,"(57, '_deal')"
58,deal .,_deal ,"(58, '_deal')"
59,"back to where we started . you can have a book and a hat , i'll take the rest .",_need( rest) _offer( _books 1 _hats 1 ) ,"(59, '_need( rest) _offer( _books 1 _hats 1 )')"
60,book,_misc( _books 1 ) ,"(60, '_need( _books 1 )')"
61,yes .,_deal ,"(61, '_deal')"
62,ball is 9 for me . no deal .,_nodeal _need( _balls 1) ,"(62, '_need( _balls 0 _deal')"
63,no deal,_nodeal ,"(63, '_nodeal _deal')"
64,nope,_nodeal ,"(64, '_nodeal')"
65,yes,_deal ,"(65, '_deal')"
66,agreed,_deal ,"(66, '_deal')"
67,yup,_deal ,"(67, '_deal')"
68,ok,_deal ,"(68, '_deal')"
69,awesome !,_deal ,"(69, '_deal')"
70,ok deal,_deal ,"(70, '_deal')"
71,sounds good .,_deal ,"(71, '_deal')"
72,no deal,_nodeal ,"(72, '_nodeal _deal')"
73,no deal,_nodeal ,"(73, '_nodeal _deal')"
74,2 balls and 2 hats,_misc( _hats 2 _balls 2) ,"(74, '_misc( _hats 2 _balls 2)')"
75,"ok , deal .",_deal ,"(75, '_deal')"
76,thank you .,_deal ,"(76, '_deal _thanks')"
77,okay deal,_deal ,"(77, '_deal')"
78,ok,_deal ,"(78, '_deal')"
79,ok deal,_deal ,"(79, '_deal')"
80,deal .,_deal ,"(80, '_deal')"
81,deal,_deal ,"(81, '_deal')"
82,bet i take the hats and the ball,_need( _hats all _balls 1) ,"(82, '_need( _hats all _balls 1)')"
83,deal,_deal ,"(83, '_deal')"
84,deal .,_deal ,"(84, '_deal')"
85,deal,_deal ,"(85, '_deal')"
86,"1 hat , 2 books",_misc( _books 2 _hats 1 ) ,"(86, '_misc( _books 2 _hats 1 )')"
87,okay,_deal ,"(87, '_deal')"
88,deal .,_deal ,"(88, '_deal')"
89,deal,_deal ,"(89, '_deal')"
90,yes,_deal ,"(90, '_deal')"
91,thank you,_deal _thanks ,"(91, '_deal _thanks')"
92,thank you .,_deal ,"(92, '_deal _thanks')"
93,deal,_deal ,"(93, '_deal')"
94,no way,_nodeal ,"(94, '_nodeal')"
95,deal .,_deal ,"(95, '_deal')"
96,best deal is you can have the ball and 1 hat,_offer( _hats 1 _balls 1) ,"(96, '_deal _offer( _hats 1 _balls 1)')"
97,book is ten for you ?,_misc( _books 1 ) ,"(97, '_offer( _books 1 )')"
98,book and hats 1 ball,_misc( _books 1 _hats all _balls 1) ,"(98, '_misc( _books 1 _hats all _balls 1)')"
99,no deal,_nodeal ,"(99, '_nodeal _deal')"
100,deal,_deal ,"(100, '_deal')"
101,yes,_deal ,"(101, '_deal')"
102,okay deal .,_deal ,"(102, '_deal')"
103,any chance you'd take three books and i could have the hat and two balls ?,_need( _hats 1 _balls 2) _offer( _books 3 ) ,"(103, '_need( _hats 1 _balls 2 _books 3 )')"
104,agreed . no deal .,_nodeal ,"(104, '_nodeal _deal')"
105,and 1 book along with 1 ball ?,_misc( _books 1 _balls 1) ,"(105, '_misc( _books 1 _balls 1)')"
106,no can do,_nodeal ,"(106, '_nodeal')"
107,deal,_deal ,"(107, '_deal')"
108,no deal .,_nodeal ,"(108, '_nodeal')"
109,no deal,_nodeal ,"(109, '_nodeal _deal')"
110,"2 books , one ball",_misc( _books 2 _balls 1) ,"(110, '_misc( _books 2 _balls 1)')"
111,ball and one hat,_misc( _hats 1 _balls 1) ,"(111, '_misc( _hats 1 _balls 1)')"
112,deal .,_deal ,"(112, '_deal')"
113,no,_nodeal ,"(113, '_nodeal')"
114,nope,_nodeal ,"(114, '_nodeal')"
115,deal,_deal ,"(115, '_deal')"
116,deal,_deal ,"(116, '_deal')"
117,okay great ! thank you !,_deal ,"(117, '_deal _thanks')"
118,ok,_deal ,"(118, '_deal')"
119,no deal,_nodeal ,"(119, '_nodeal _deal')"
120,deal,_deal ,"(120, '_deal')"
121,"yup , no deal was agreed",_nodeal ,"(121, '_nodeal _deal')"
122,deal,_deal ,"(122, '_deal')"
123,ok,_deal ,"(123, '_deal')"
124,ball or no deal,_need( _balls 1) ,"(124, '_need( _balls 0 _deal )')"
125,sure,_deal ,"(125, '_deal')"
126,ok,_deal ,"(126, '_deal')"
127,deal,_deal ,"(127, '_deal')"
128,deal .,_deal ,"(128, '_deal')"
129,no can do,_nodeal ,"(129, '_nodeal')"
130,yes,_deal ,"(130, '_deal')"
131,no deal,_nodeal ,"(131, '_nodeal _deal')"
132,okay,_deal ,"(132, '_deal')"
133,okay deal .,_deal ,"(133, '_deal')"
134,deal,_deal ,"(134, '_deal')"
135,"2 balls to me , rest for you",_need( _balls 2) _offer( rest) ,"(135, '_need( _balls 2 ) _offer( rest)')"
136,okay .,_deal ,"(136, '_deal')"
137,deal,_deal ,"(137, '_deal')"
138,okay deal,_deal ,"(138, '_deal')"
139,thanks,_deal _thanks ,"(139, '_deal _thanks')"
140,ok,_deal ,"(140, '_deal')"
141,no deal,_nodeal ,"(141, '_nodeal _deal')"
142,no deal,_nodeal ,"(142, '_nodeal _deal')"
143,no deal,_nodeal ,"(143, '_nodeal _deal')"
144,deal .,_deal ,"(144, '_deal')"
145,lol no,_nodeal ,"(145, '_nodeal')"
146,2 books and a ball ?,_misc( _books 2 _balls 1) ,"(146, '_misc( _books 2 _balls 1)')"
147,thx,_deal _thanks ,"(147, '_deal _thanks')"
148,okay deal,_deal ,"(148, '_deal')"
149,ok,_deal ,"(149, '_deal')"
150,deal,_deal ,"(150, '_deal')"
151,"ok , deal .",_deal ,"(151, '_deal')"
152,no deal,_nodeal ,"(152, '_nodeal _deal')"
153,deal !,_deal ,"(153, '_deal')"
154,ball to me then,_need( _balls 1) ,"(154, '_need( _balls 1)')"
155,ok deal,_deal ,"(155, '_deal')"
156,book and ball to me,_need( _books 1 _balls 1) ,"(156, '_need( _books 1 _balls 1)')"
157,no deal,_nodeal ,"(157, '_nodeal _deal')"
158,ball is needed,_need( _balls 1) ,"(158, '_need( _balls 1)')"
159,deal,_deal ,"(159, '_deal')"
160,deal,_deal ,"(160, '_deal')"
161,deal,_deal ,"(161, '_deal')"
162,okay great ! thank you !,_deal ,"(162, '_deal _thanks')"
163,ok deal,_deal ,"(163, '_deal')"
164,alrighty sounds good .,_deal ,"(164, '_deal')"
165,yes,_deal ,"(165, '_deal')"
166,deal,_deal ,"(166, '_deal')"
167,yes,_deal ,"(167, '_deal')"
168,okay great ! thank you !,_deal ,"(168, '_deal _thanks')"
169,cool,_deal ,"(169, '_deal')"
170,books and hat for me,_need( _books all _hats 1 ) ,"(170, '_need( _books all _hats all )')"
171,appreciate it ! deal !,_deal _thanks ,"(171, '_deal')"
172,deal,_deal ,"(172, '_deal')"
173,ok deal,_deal ,"(173, '_deal')"
174,deal,_deal ,"(174, '_deal')"
175,1 book 2 hats,_misc( _books 1 _hats 2 ) ,"(175, '_misc( _books 1 _hats 2 )')"
176,2 balls,_misc( _balls 2) ,"(176, '_misc( _balls 2)')"
177,ok no deal,_nodeal ,"(177, '_nodeal _deal')"
178,deal,_deal ,"(178, '_deal')"
179,okay great ! thank you !,_deal ,"(179, '_deal _thanks')"
180,all balls and books to me,_need( _books all _balls all) ,"(180, '_need( _books all _balls all)')"
181,no deal,_nodeal ,"(181, '_nodeal _deal')"
182,no deal,_nodeal ,"(182, '_nodeal _deal')"
183,deal,_deal ,"(183, '_deal')"
184,deal,_deal ,"(184, '_deal')"
185,deal,_deal ,"(185, '_deal')"
186,great !,_deal ,"(186, '_deal')"
187,ok,_deal ,"(187, '_deal')"
188,no deal .,_nodeal ,"(188, '_nodeal')"
189,book and ball to me,_need( _books 1 _balls 1) ,"(189, '_need( _books 1 _balls 1)')"
190,great,_deal ,"(190, '_deal')"
191,deal .,_deal ,"(191, '_deal')"
192,ball is the highest value item . ; the only way i can get rid of the ball is for everything else on the table .,_need( _balls 1) ,"(192, '_need( _balls 1 )')"
193,no deal,_nodeal ,"(193, '_nodeal _deal')"
194,no deal,_nodeal ,"(194, '_nodeal _deal')"
195,deal,_deal ,"(195, '_deal')"
196,deal,_deal ,"(196, '_deal')"
197,no deal,_nodeal ,"(197, '_nodeal _deal')"
198,deal,_deal ,"(198, '_deal')"
199,deal,_deal ,"(199, '_deal')"
200,no,_nodeal ,"(200, '_nodeal')"
201,deal .,_deal ,"(201, '_deal')"
202,deal,_deal ,"(202, '_deal')"
203,yes,_deal ,"(203, '_deal')"
204,deal .,_deal ,"(204, '_deal')"
205,alright . i'll keep the books .,_yes _need( _books all ) ,"(205, '_need( _books all )')"
206,thanks,_deal _thanks ,"(206, '_deal _thanks')"
207,deal,_deal ,"(207, '_deal')"
208,deal .,_deal ,"(208, '_deal')"
209,ok,_deal ,"(209, '_deal')"
210,deal,_deal ,"(210, '_deal')"
211,no deal,_nodeal ,"(211, '_nodeal _deal')"
212,okay,_deal ,"(212, '_deal')"
213,okay,_deal ,"(213, '_deal')"
214,deal,_deal ,"(214, '_deal')"
215,all the books and a ball .,_misc( _books all _balls 1) ,"(215, '_misc( _books all _balls 1)')"
216,i can't do that,_nodeal ,"(216, '_nodeal')"
217,deal .,_deal ,"(217, '_deal')"
218,okay deal .,_deal ,"(218, '_deal')"
219,no deal,_nodeal ,"(219, '_nodeal _deal')"
220,yes,_deal ,"(220, '_deal')"
221,deal,_deal ,"(221, '_deal')"
222,deal .,_deal ,"(222, '_deal')"
223,deal,_deal ,"(223, '_deal')"
224,deal .,_deal ,"(224, '_deal')"
225,deal,_deal ,"(225, '_deal')"
226,no deal,_nodeal ,"(226, '_nodeal _deal')"
227,deal,_deal ,"(227, '_deal')"
228,no way,_nodeal ,"(228, '_nodeal')"
229,ok,_deal ,"(229, '_deal')"
230,ok deal .,_deal ,"(230, '_deal')"
231,okay deal,_deal ,"(231, '_deal')"
232,ok,_deal ,"(232, '_deal')"
233,ok,_deal ,"(233, '_deal')"
234,ok,_deal ,"(234, '_deal')"
235,1 hat and 1 ball .,_misc( _hats 1 _balls 1) ,"(235, '_misc( _hats 1 _balls 1)')"
236,"1 hat , 1 ball , no book , extra butter",_misc( _books 0 _hats 1 _balls 1) ,"(236, '_need( _books 1 _hats no _balls 1)')"
237,"1 hat , 1 ball , 2 books and a stick of butter",_misc( _books 2 _hats 1 _balls 1) ,"(237, '_misc( _books 2 _hats 1 _balls 1)')"
238,yes,_deal ,"(238, '_deal')"
239,no deal,_nodeal ,"(239, '_nodeal _deal')"
240,no deal,_nodeal ,"(240, '_nodeal _deal')"
241,1 book and all hats for you,_offer( _books 1 _hats all ) ,"(241, '_offer( _books 1 _hats all )')"
242,ok deal,_deal ,"(242, '_deal')"
243,deal .,_deal ,"(243, '_deal')"
244,deal .,_deal ,"(244, '_deal')"
245,fine,_deal ,"(245, '_deal')"
246,okay deal,_deal ,"(246, '_deal')"
247,deal .,_deal ,"(247, '_deal')"
248,no deal,_nodeal ,"(248, '_nodeal _deal')"
249,deal,_deal ,"(249, '_deal')"
250,"all balls to me , you have rest",_need( _balls all) _offer( _books rest _hats rest ) ,"(250, '_need( _balls all) _offer( rest)')"
251,ok deal,_deal ,"(251, '_deal')"
252,no deal,_nodeal ,"(252, '_nodeal _deal')"
253,sounds good,_deal ,"(253, '_deal')"
254,thanks,_deal _thanks ,"(254, '_deal _thanks')"
255,deal,_deal ,"(255, '_deal')"
256,ok,_deal ,"(256, '_deal')"
257,sounds good,_deal ,"(257, '_deal')"
258,agreed,_deal ,"(258, '_deal')"
259,yes,_deal ,"(259, '_deal')"
260,deal .,_deal ,"(260, '_deal')"
261,no deal,_nodeal ,"(261, '_nodeal _deal')"
262,alright then . . i suppose i'll take the hats .,_yes _need( _hats all ) ,"(262, '_need( _hats all )')"
263,2 books and a hat for me ?,_need( _books 2 _hats 1 ) ,"(263, '_need( _books 2 _hats 1 )')"
264,deal .,_deal ,"(264, '_deal')"
265,no deal,_nodeal ,"(265, '_nodeal _deal')"
266,balls are worthless . i'll just take the 2 hats and you can have the rest .,_need( _hats 2 _balls 0) _offer( rest) ,"(266, '_need( _hats 2 _balls 1) _offer( rest)')"
267,ok,_deal ,"(267, '_deal')"
268,thank you !,_deal ,"(268, '_deal _thanks')"
269,ok,_deal ,"(269, '_deal')"
270,okay deal,_deal ,"(270, '_deal')"
271,deal .,_deal ,"(271, '_deal')"
272,agree to 0 s,_nodeal ,"(272, '_deal _0 _s 0')"
273,ok deal,_deal ,"(273, '_deal')"
274,deal,_deal ,"(274, '_deal')"
275,ok,_deal ,"(275, '_deal')"
276,yes,_deal ,"(276, '_deal')"
277,deal,_deal ,"(277, '_deal')"
278,okay great ! thank you !,_deal ,"(278, '_deal _thanks')"
279,deal,_deal ,"(279, '_deal')"
280,deal .,_deal ,"(280, '_deal')"
281,no deal,_nodeal ,"(281, '_nodeal _deal')"
282,no deal .,_nodeal ,"(282, '_nodeal')"
283,deal .,_deal ,"(283, '_deal')"
284,no deal then,_nodeal ,"(284, '_nodeal _deal')"
285,"ball and books to me , rest to you",_need( _books all _balls 1) _offer( rest) ,"(285, '_need( _books all _balls 1) _offer( rest)')"
286,deal .,_deal ,"(286, '_deal')"
287,no deal,_nodeal ,"(287, '_nodeal _deal')"
288,"book has no value to me at all , i assume it'll give you minimal points . i'd be ok with two balls and the hat ?",_need( _books 0 _hats 1 _balls 2) ,"(288, '_need( _books 1 _hats 2 _balls 1) _offer( 0 )')"
289,no deal then,_nodeal ,"(289, '_nodeal _deal')"
290,books and both balls to me,_need( _books all _balls all) ,"(290, '_need( _books all _balls both)')"
291,fine,_deal ,"(291, '_deal')"
292,okay deal .,_deal ,"(292, '_deal')"
293,deal,_deal ,"(293, '_deal')"
294,thank you,_deal _thanks ,"(294, '_deal _thanks')"
295,okay,_deal ,"(295, '_deal')"
296,okay .,_deal ,"(296, '_deal')"
297,ok deal,_deal ,"(297, '_deal')"
298,sure,_deal ,"(298, '_deal')"
299,no deal,_nodeal ,"(299, '_nodeal _deal')"
300,deal,_deal ,"(300, '_deal')"
301,no deal .,_nodeal ,"(301, '_nodeal')"
302,book and balls for me,_need( _books 1 _balls all) ,"(302, '_need( _books 1 _balls all)')"
303,balls and all hats,_misc( _hats all _balls all) ,"(303, '_misc( _hats all _balls all)')"
304,balls and 3 hats for you,_offer( _hats 3 _balls all) ,"(304, '_offer( _hats 3 _balls 1)')"
305,ok,_deal ,"(305, '_deal')"
306,balls have 0 value on my end,_need( _balls 0) ,"(306, '_need( _balls 0)')"
307,"books are 1 each , hats are 3 each , ball is 2 . what about you ?",_need( _hats all ) ,"(307, '_offer( _books 1 _hats 3 _balls 2)')"
308,ok,_deal ,"(308, '_deal')"
309,great,_deal ,"(309, '_deal')"
310,"alas , no deal",_nodeal ,"(310, '_nodeal')"
311,: /,_no ,"(311, '_deal')"
312,no deal,_nodeal ,"(312, '_nodeal _deal')"
313,okay great ! thank you !,_deal ,"(313, '_deal _thanks')"
314,all balls for you only,_offer( _balls all) ,"(314, '_offer( _balls all)')"
315,agree . no deal,_nodeal ,"(315, '_nodeal _deal')"
316,no deal,_nodeal ,"(316, '_nodeal _deal')"
317,deal .,_deal ,"(317, '_deal')"
318,okay,_deal ,"(318, '_deal')"
319,ok deal,_deal ,"(319, '_deal')"
320,1 ball and 1 hat for me !,_need( _hats 1 _balls 1) ,"(320, '_need( _hats 1 _balls 1)')"
321,okay deal .,_deal ,"(321, '_deal')"
322,okay thank you !,_deal ,"(322, '_deal _thanks')"
323,no deal,_nodeal ,"(323, '_nodeal _deal')"
324,no deal,_nodeal ,"(324, '_nodeal _deal')"
325,no deal,_nodeal ,"(325, '_nodeal _deal')"
326,agreed with the no deal .,_nodeal ,"(326, '_nodeal _deal')"
327,are you sure you cant come off the ball ?,_need( _balls 1) ,"(327, '_offer( _balls 1)')"
328,nd,_nodeal ,"(328, '_nodeal')"
329,no deal,_nodeal ,"(329, '_nodeal _deal')"
330,okay thank you !,_deal ,"(330, '_deal _thanks')"
331,and you don't want anything else ? can you give up one of the balls ?,_need( _balls 1) ,"(331, '_need( _balls 1 ) _offer( rest)')"
332,deal,_deal ,"(332, '_deal')"
333,and one hat,_misc( _hats 1 ) ,"(333, '_misc( _hats 1 )')"
334,ok,_deal ,"(334, '_deal')"
335,basketball,_misc( _balls 1) ,"(335, '_balls')"
336,"all hats to me , everything else to you",_need( _hats all ) _offer( rest) ,"(336, '_need( _hats all ) _offer( rest)')"
337,deal,_deal ,"(337, '_deal')"
338,"ok , thanks",_deal ,"(338, '_deal _thanks')"
339,yes,_deal ,"(339, '_deal')"
340,deal,_deal ,"(340, '_deal')"
341,okay great !,_deal ,"(341, '_deal')"
342,nope,_nodeal ,"(342, '_nodeal')"
343,okay deal .,_deal ,"(343, '_deal')"
344,deal,_deal ,"(344, '_deal')"
345,deal,_deal ,"(345, '_deal')"
346,no deal,_nodeal ,"(346, '_nodeal _deal')"
347,no deal .,_nodeal ,"(347, '_nodeal')"
348,deal,_deal ,"(348, '_deal')"
349,and we split the books ?,_need( _books 1 ) _offer( _books 1 ) ,"(349, '_need( _books 1 )')"
350,"2 books and the hat to you , one book and the ball to me ?",_need( _books 1 _balls 1) _offer( _books 2 _hats 1 ) ,"(350, '_need( _books 2 _hats 1 _balls 1) _offer( )')"
351,no deal then,_nodeal ,"(351, '_nodeal _deal')"
352,deal,_deal ,"(352, '_deal')"
353,"ok , deal",_deal ,"(353, '_deal')"
354,ok,_deal ,"(354, '_deal')"
355,thank you !,_deal ,"(355, '_deal _thanks')"
356,okay deal,_deal ,"(356, '_deal')"
357,deal,_deal ,"(357, '_deal')"
358,ok,_deal ,"(358, '_deal')"
359,deal .,_deal ,"(359, '_deal')"
360,ok,_deal ,"(360, '_deal')"
361,no,_nodeal ,"(361, '_nodeal')"
362,no deal,_nodeal ,"(362, '_nodeal _deal')"
363,sure,_deal ,"(363, '_deal')"
364,deal,_deal ,"(364, '_deal')"
365,never,_nodeal ,"(365, '_nodeal')"
366,great !,_deal ,"(366, '_deal')"
367,deal,_deal ,"(367, '_deal')"
368,sure,_deal ,"(368, '_deal')"
369,agreed,_deal ,"(369, '_deal')"
370,yup,_deal ,"(370, '_deal')"
371,no deal then,_nodeal ,"(371, '_nodeal _deal')"
372,hi,_greeting ,"(372, '_greeting')"
373,ok,_deal ,"(373, '_deal')"
374,yes,_deal ,"(374, '_deal')"
375,deal .,_deal ,"(375, '_deal')"
376,ok deal,_deal ,"(376, '_deal')"
377,thank you,_deal _thanks ,"(377, '_deal _thanks')"
378,deal,_deal ,"(378, '_deal')"
379,no deal,_nodeal ,"(379, '_nodeal _deal')"
380,no deal,_nodeal ,"(380, '_nodeal _deal')"
381,"ok , thanks",_deal ,"(381, '_deal _thanks')"
382,ok,_deal ,"(382, '_deal')"
383,"and so would i , ill give up the book if i get the hat",_need( _hats 1 ) _offer( _books 1 ) ,"(383, '_need( _books 1 _hats 1 )')"
384,no deal,_nodeal ,"(384, '_nodeal _deal')"
385,nope,_nodeal ,"(385, '_nodeal')"
386,deal .,_deal ,"(386, '_deal')"
387,ok deal,_deal ,"(387, '_deal')"
388,no deal,_nodeal ,"(388, '_nodeal _deal')"
389,okay,_deal ,"(389, '_deal')"
390,deal .,_deal ,"(390, '_deal')"
391,deal,_deal ,"(391, '_deal')"
392,ball must be mine,_need( _balls 1) ,"(392, '_need( _balls 1)')"
393,ok deal,_deal ,"(393, '_deal')"
394,no,_nodeal ,"(394, '_nodeal')"
395,no deal,_nodeal ,"(395, '_nodeal _deal')"
396,no deal,_nodeal ,"(396, '_nodeal _deal')"
397,yes,_deal ,"(397, '_deal')"
398,books are 0 for me . i can 1 hat and 1 ball or just 2 balls .,_need( _books 0 _hats 1 _balls 1) ,"(398, '_need( _books 0 _hats 1 _balls 2)')"
399,agreed .,_deal ,"(399, '_deal')"
400,deal .,_deal ,"(400, '_deal')"
401,2 balls and 2 books please,_need( _books 2 _balls 2) ,"(401, '_misc( _books 2 _balls 2)')"
402,agreed no deal .,_nodeal ,"(402, '_nodeal')"
403,no deal,_nodeal ,"(403, '_nodeal _deal')"
404,no deal,_nodeal ,"(404, '_nodeal _deal')"
405,sounds good,_deal ,"(405, '_deal')"
406,no deal,_nodeal ,"(406, '_nodeal _deal')"
407,ok,_deal ,"(407, '_deal')"
408,deal,_deal ,"(408, '_deal')"
409,deal,_deal ,"(409, '_deal')"
410,yes,_deal ,"(410, '_deal')"
411,deal,_deal ,"(411, '_deal')"
412,no deal then,_nodeal ,"(412, '_nodeal _deal')"
413,alright i will take all the balls and the books . you can just have the hat .,_need( _books all _balls all) _offer( _hats 1 ) ,"(413, '_yes _need( _books all _balls all ) _hats 1 _offer( )')"
414,yes,_deal ,"(414, '_deal')"
415,okay deal .,_deal ,"(415, '_deal')"
416,ok deal,_deal ,"(416, '_deal')"
417,ok,_deal ,"(417, '_deal')"
418,ok deal,_deal ,"(418, '_deal')"
419,deal .,_deal ,"(419, '_deal')"
420,yes,_deal ,"(420, '_deal')"
421,deal,_deal ,"(421, '_deal')"
422,great ! thank you !,_deal ,"(422, '_deal _thanks')"
423,deal,_deal ,"(423, '_deal')"
424,ok deal,_deal ,"(424, '_deal')"
425,ok,_deal ,"(425, '_deal')"
426,ok,_deal ,"(426, '_deal')"
427,no deal,_nodeal ,"(427, '_nodeal _deal')"
428,ok,_deal ,"(428, '_deal')"
429,ok,_deal ,"(429, '_deal')"
430,no deal,_nodeal ,"(430, '_nodeal _deal')"
431,deal,_deal ,"(431, '_deal')"
432,no deal,_nodeal ,"(432, '_nodeal _deal')"
433,deal,_deal ,"(433, '_deal')"
434,no deal,_nodeal ,"(434, '_nodeal _deal')"
435,2 balls and that is the most i can do,_offer( _hats 1 _balls 2) ,"(435, '_need( _balls 2 )')"
436,ok deal,_deal ,"(436, '_deal')"
437,a ball and two books is what i need . nothing less .,_need( _books 2 _balls 1) ,"(437, '_need( _books 2 _balls 1)')"
438,ok,_deal ,"(438, '_deal')"
439,ok deal,_deal ,"(439, '_deal')"
440,deal .,_deal ,"(440, '_deal')"
441,balls are 4 points for me . no deal .,_nodeal ,"(441, '_need( _balls 4 _deal 0)')"
442,and i need 1 ball,_need( _balls 1) ,"(442, '_need( _balls 1 )')"
443,deal,_deal ,"(443, '_deal')"
444,great,_deal ,"(444, '_deal')"
445,thanks,_deal _thanks ,"(445, '_deal _thanks')"
446,thank you .,_deal ,"(446, '_deal _thanks')"
447,any chance i can get 2 hats and the ball ?,_need( _hats 2 _balls 1) ,"(447, '_need( _hats 2 _balls 1)')"
448,"alright , i'll settle for that deal .",_deal ,"(448, '_deal')"
449,i can do that,_deal ,"(449, '_deal')"
450,no deal,_nodeal ,"(450, '_nodeal _deal')"
451,great,_deal ,"(451, '_deal')"
452,no deal,_nodeal ,"(452, '_nodeal _deal')"
453,book and one hat to me,_need( _books 1 _hats 1 ) ,"(453, '_need( _books 1 _hats 1 )')"
454,ok,_deal ,"(454, '_deal')"
455,deal,_deal ,"(455, '_deal')"
456,yep,_deal ,"(456, '_deal')"
457,no,_nodeal ,"(457, '_nodeal')"
458,no deal,_nodeal ,"(458, '_nodeal _deal')"
459,sounds good,_deal ,"(459, '_deal')"
460,yup,_deal ,"(460, '_deal')"
461,nope,_nodeal ,"(461, '_nodeal')"
462,ok,_deal ,"(462, '_deal')"
463,ok,_deal ,"(463, '_deal')"
464,no deal .,_nodeal ,"(464, '_nodeal')"
465,ok,_deal ,"(465, '_deal')"
466,deal,_deal ,"(466, '_deal')"
467,fine,_deal ,"(467, '_deal')"
468,deal,_deal ,"(468, '_deal')"
469,no,_nodeal ,"(469, '_nodeal')"
470,deal,_deal ,"(470, '_deal')"
471,deal,_deal ,"(471, '_deal')"
472,yes,_deal ,"(472, '_deal')"
473,are you willing to take one of the hats instead of the book ?,_offer( _books 0 _hats 1 ) ,"(473, '_offer( _books 1 _hats 1 )')"
474,ok deal,_deal ,"(474, '_deal')"
475,deal .,_deal ,"(475, '_deal')"
476,great,_deal ,"(476, '_deal')"
477,ok deal,_deal ,"(477, '_deal')"
478,"alright deal , thank you .",_deal _thanks ,"(478, '_deal _thanks')"
479,no deal,_nodeal ,"(479, '_nodeal _deal')"
480,deal,_deal ,"(480, '_deal')"
481,sounds good,_deal ,"(481, '_deal')"
482,ok,_deal ,"(482, '_deal')"
483,thanks !,_deal _thanks ,"(483, '_deal _thanks')"
484,no deal,_nodeal ,"(484, '_nodeal _deal')"
485,deal . thank you !,_deal _thanks ,"(485, '_deal _thanks')"
486,deal,_deal ,"(486, '_deal')"
487,deal .,_deal ,"(487, '_deal')"
488,no deal,_nodeal ,"(488, '_nodeal _deal')"
489,deal,_deal ,"(489, '_deal')"
490,balls are 1 point for me . no deal .,_nodeal ,"(490, '_need( _balls 0 _deal')"
491,4 balls 1 book thats it,_misc( _books 1 _balls 4) ,"(491, '_misc( _books 1 _balls 4 )')"
492,okay deal,_deal ,"(492, '_deal')"
493,no,_nodeal ,"(493, '_nodeal')"
494,no deal .,_nodeal ,"(494, '_nodeal')"
495,deal,_deal ,"(495, '_deal')"
496,sorry no deal,_nodeal ,"(496, '_nodeal')"
497,no deal,_nodeal ,"(497, '_nodeal _deal')"
498,"ok , no deal",_nodeal ,"(498, '_nodeal _deal')"
499,no deal,_nodeal ,"(499, '_nodeal _deal')"
500,ok,_deal ,"(500, '_deal')"
501,yes,_deal ,"(501, '_deal')"
502,deal,_deal ,"(502, '_deal')"
503,deal .,_deal ,"(503, '_deal')"
504,okay deal .,_deal ,"(504, '_deal')"
505,2 books and 1 hat,_misc( _books 2 _hats 1 ) ,"(505, '_misc( _books 2 _hats 1 )')"
506,deal,_deal ,"(506, '_deal')"
507,deal,_deal ,"(507, '_deal')"
508,sounds good,_deal ,"(508, '_deal')"
509,1 book and 1 hat is all i can give you,_offer( _books 1 _hats 1 ) ,"(509, '_offer( _books 1 _hats 1 )')"
510,deal .,_deal ,"(510, '_deal')"
511,yes,_deal ,"(511, '_deal')"
512,thanks,_deal _thanks ,"(512, '_deal _thanks')"
513,yes,_deal ,"(513, '_deal')"
514,yes,_deal ,"(514, '_deal')"
515,yes,_deal ,"(515, '_deal')"
516,thx,_deal _thanks ,"(516, '_deal _thanks')"
517,no deal .,_nodeal ,"(517, '_nodeal')"
518,sure,_deal ,"(518, '_deal')"
519,deal,_deal ,"(519, '_deal')"
520,deal,_deal ,"(520, '_deal')"
521,yes,_deal ,"(521, '_deal')"
522,deal,_deal ,"(522, '_deal')"
523,no can do,_nodeal ,"(523, '_nodeal')"
524,deal,_deal ,"(524, '_deal')"
525,nd,_nodeal ,"(525, '_nodeal')"
526,deal .,_deal ,"(526, '_deal')"
527,deal,_deal ,"(527, '_deal')"
528,ball and all the hats,_misc( _hats all _balls 1) ,"(528, '_misc( _hats all _balls all)')"
529,no deal,_nodeal ,"(529, '_nodeal _deal')"
530,ok,_deal ,"(530, '_deal')"
531,deal .,_deal ,"(531, '_deal')"
532,all i need is the book,_need( _books 1 ) ,"(532, '_need( _books 1 )')"
533,ok,_deal ,"(533, '_deal')"
534,okay deal,_deal ,"(534, '_deal')"
535,2 balls and the book .,_misc( _books 1 _balls 2) ,"(535, '_misc( _books 1 _balls 2)')"
536,no deal,_nodeal ,"(536, '_nodeal _deal')"
537,no deal,_nodeal ,"(537, '_nodeal _deal')"
538,no deal,_nodeal ,"(538, '_nodeal _deal')"
539,3 books 1 ball 2 hats,_misc( _books 3 _hats 2 _balls 1) ,"(539, '_misc( _books 3 _hats 2 _balls 1)')"
540,okay,_deal ,"(540, '_deal')"
541,deal,_deal ,"(541, '_deal')"
542,ok,_deal ,"(542, '_deal')"
543,ok,_deal ,"(543, '_deal')"
544,deal .,_deal ,"(544, '_deal')"
545,sure,_deal ,"(545, '_deal')"
546,thx,_deal _thanks ,"(546, '_deal _thanks')"
547,deal,_deal ,"(547, '_deal')"
548,deal .,_deal ,"(548, '_deal')"
549,agreed,_deal ,"(549, '_deal')"
550,agreed,_deal ,"(550, '_deal')"
551,deal,_deal ,"(551, '_deal')"
552,deal,_deal ,"(552, '_deal')"
553,agreed i will take the three books,_deal _need( _books 3 ) ,"(553, '_deal _need( _books 3 )')"
554,deal,_deal ,"(554, '_deal')"
555,deal !,_deal ,"(555, '_deal')"
556,deal,_deal ,"(556, '_deal')"
557,agreed . i get 2 books and a hat .,_deal _need( _books 2 _hats 1 ) ,"(557, '_deal _need( _books 2 _hats 1 )')"
558,no deal .,_nodeal ,"(558, '_nodeal')"
559,okay no deal .,_nodeal ,"(559, '_nodeal')"
560,deal .,_deal ,"(560, '_deal')"
561,deal,_deal ,"(561, '_deal')"
562,deal,_deal ,"(562, '_deal')"
563,deal .,_deal ,"(563, '_deal')"
564,deal,_deal ,"(564, '_deal')"
565,"ok , thanks",_deal ,"(565, '_deal _thanks')"
566,yes,_deal ,"(566, '_deal')"
567,deal,_deal ,"(567, '_deal')"
568,great !,_deal ,"(568, '_deal')"
569,yes,_deal ,"(569, '_deal')"
570,2 hats and 2 books ?,_misc( _books 2 _hats 2 ) ,"(570, '_misc( _books 2 _hats 2 )')"
571,deal,_deal ,"(571, '_deal')"
572,deal .,_deal ,"(572, '_deal')"
573,deal .,_deal ,"(573, '_deal')"
574,deal,_deal ,"(574, '_deal')"
575,"are you asking me ? yes , i'd like the book and balls .",_need( _books 1 _balls all) ,"(575, '_yes _need( _books 1 _balls 1)')"
576,"book and a ball , thats good for you",_offer( _books 1 _balls 1) ,"(576, '_offer( _books 1 _balls 1)')"
577,ok deal,_deal ,"(577, '_deal')"
578,no deal .,_nodeal ,"(578, '_nodeal')"
579,no deal .,_nodeal ,"(579, '_nodeal')"
580,yes .,_deal ,"(580, '_deal')"
581,ok,_deal ,"(581, '_deal')"
582,6 / 10 is a weak hand . . . . we should pass on this deal,_nodeal ,"(582, '_deal')"
583,great !,_deal ,"(583, '_deal')"
584,no deal,_nodeal ,"(584, '_nodeal _deal')"
585,fine,_deal ,"(585, '_deal')"
586,deal .,_deal ,"(586, '_deal')"
587,ok,_deal ,"(587, '_deal')"
588,ok,_deal ,"(588, '_deal')"
589,1 book and 1 hat,_misc( _books 1 _hats 1 ) ,"(589, '_misc( _books 1 _hats 1 )')"
590,deal,_deal ,"(590, '_deal')"
591,deal,_deal ,"(591, '_deal')"
592,no deal .,_nodeal ,"(592, '_nodeal')"
593,no deal .,_nodeal ,"(593, '_nodeal')"
594,deal,_deal ,"(594, '_deal')"
595,awesome !,_deal ,"(595, '_deal')"
596,okay great !,_deal ,"(596, '_deal')"
597,no deal,_nodeal ,"(597, '_nodeal _deal')"
598,no deal .,_nodeal ,"(598, '_nodeal')"
599,no deal .,_nodeal ,"(599, '_nodeal')"
600,deal,_deal ,"(600, '_deal')"
601,no deal,_nodeal ,"(601, '_nodeal _deal')"
602,ok,_deal ,"(602, '_deal')"
603,deal,_deal ,"(603, '_deal')"
604,no deal .,_nodeal ,"(604, '_nodeal')"
605,no deal,_nodeal ,"(605, '_nodeal _deal')"
606,no deal,_nodeal ,"(606, '_nodeal _deal')"
607,sure,_deal ,"(607, '_deal')"
608,okay great ! thank you !,_deal ,"(608, '_deal _thanks')"
609,sounds good,_deal ,"(609, '_deal')"
610,deal,_deal ,"(610, '_deal')"
611,thanks,_deal _thanks ,"(611, '_deal _thanks')"
612,deal .,_deal ,"(612, '_deal')"
613,no deal,_nodeal ,"(613, '_nodeal _deal')"
614,okay thank you !,_deal ,"(614, '_deal _thanks')"
615,deal,_deal ,"(615, '_deal')"
616,deal,_deal ,"(616, '_deal')"
617,deal,_deal ,"(617, '_deal')"
618,deal .,_deal ,"(618, '_deal')"
619,okay thank you !,_deal ,"(619, '_deal _thanks')"
620,sounds good,_deal ,"(620, '_deal')"
621,4 / 10 is no deal for me . . . . . .,_nodeal ,"(621, '_nodeal _offer( _books 4 _ 10 _deal')"
622,deal,_deal ,"(622, '_deal')"
623,deal,_deal ,"(623, '_deal')"
624,deal,_deal ,"(624, '_deal')"
625,1 ball 2 books,_misc( _books 2 _balls 1) ,"(625, '_misc( _books 2 _balls 1)')"
626,ok,_deal ,"(626, '_deal')"
627,yes,_deal ,"(627, '_deal')"
628,yes,_deal ,"(628, '_deal')"
629,no deal,_nodeal ,"(629, '_nodeal _deal')"
630,ok,_deal ,"(630, '_deal')"
631,ok,_deal ,"(631, '_deal')"
632,deal,_deal ,"(632, '_deal')"
633,okay great ! thank you !,_deal ,"(633, '_deal _thanks')"
634,deal,_deal ,"(634, '_deal')"
635,hello,_greeting ,"(635, '_greeting')"
636,deal,_deal ,"(636, '_deal')"
637,yes,_deal ,"(637, '_deal')"
638,deal,_deal ,"(638, '_deal')"
639,"balls are worthless to me , i need a hat",_need( _hats 1 _balls 0) ,"(639, '_need( _hats 1 _balls 1)')"
640,yep,_deal ,"(640, '_deal')"
641,no deal .,_nodeal ,"(641, '_nodeal')"
642,ok no deal,_nodeal ,"(642, '_nodeal _deal')"
643,nope,_nodeal ,"(643, '_nodeal')"
644,deal,_deal ,"(644, '_deal')"
645,deal,_deal ,"(645, '_deal')"
646,yep,_deal ,"(646, '_deal')"
647,"books and a hat , work with me here .",_misc( _books all _hats 1 ) ,"(647, '_need( _books all _hats 1 )')"
648,sounds good .,_deal ,"(648, '_deal')"
649,ok no deal,_nodeal ,"(649, '_nodeal _deal')"
650,deal .,_deal ,"(650, '_deal')"
651,sounds good,_deal ,"(651, '_deal')"
652,no deal,_nodeal ,"(652, '_nodeal _deal')"
653,yes,_deal ,"(653, '_deal')"
654,"alright ,",_deal ,"(654, '_deal')"
655,ball and 2 books for me,_need( _books 2 _balls 1) ,"(655, '_need( _books 2 _balls 1)')"
656,deal .,_deal ,"(656, '_deal')"
657,deal,_deal ,"(657, '_deal')"
658,okay,_deal ,"(658, '_deal')"
659,deal,_deal ,"(659, '_deal')"
660,ok deal,_deal ,"(660, '_deal')"
661,deal,_deal ,"(661, '_deal')"
662,thank you,_deal _thanks ,"(662, '_deal _thanks')"
663,deal,_deal ,"(663, '_deal')"
664,no deal,_nodeal ,"(664, '_nodeal _deal')"
665,no deal,_nodeal ,"(665, '_nodeal _deal')"
666,yes,_deal ,"(666, '_deal')"
667,okay,_deal ,"(667, '_deal')"
668,deal,_deal ,"(668, '_deal')"
669,yes,_deal ,"(669, '_deal')"
670,deal,_deal ,"(670, '_deal')"
671,deal,_deal ,"(671, '_deal')"
672,ok,_deal ,"(672, '_deal')"
673,hi,_greeting ,"(673, '_greeting')"
674,ball and two books,_need( _books 2 _balls 1) ,"(674, '_misc( _books 2 _balls 1)')"
675,great !,_deal ,"(675, '_deal')"
676,fine,_deal ,"(676, '_deal')"
677,okay,_deal ,"(677, '_deal')"
678,ok deal,_deal ,"(678, '_deal')"
679,thank you,_deal _thanks ,"(679, '_deal _thanks')"
680,no deal,_nodeal ,"(680, '_nodeal _deal')"
681,no deal,_nodeal ,"(681, '_nodeal _deal')"
682,great ! thank you !,_deal ,"(682, '_deal _thanks')"
683,deal,_deal ,"(683, '_deal')"
684,deal,_deal ,"(684, '_deal')"
685,no,_nodeal ,"(685, '_nodeal')"
686,deal,_deal ,"(686, '_deal')"
687,"alright then , i will take the balls and you can have the rest .",_need( _balls all) _offer( rest) ,"(687, '_yes _need( _balls all) _offer( rest)')"
688,deal,_deal ,"(688, '_deal')"
689,deal,_deal ,"(689, '_deal')"
690,no deal,_nodeal ,"(690, '_nodeal _deal')"
691,great ! thank you !,_deal ,"(691, '_deal _thanks')"
692,"ok , deal",_deal ,"(692, '_deal')"
693,sorry no deal,_nodeal ,"(693, '_nodeal')"
694,yes,_deal ,"(694, '_deal')"
695,okay deal .,_deal ,"(695, '_deal')"
696,no deal,_nodeal ,"(696, '_nodeal _deal')"
697,deal,_deal ,"(697, '_deal')"
698,ok,_deal ,"(698, '_deal')"
699,okay deal .,_deal ,"(699, '_deal')"
700,thanks,_deal _thanks ,"(700, '_deal _thanks')"
701,no deal,_nodeal ,"(701, '_nodeal _deal')"
702,no deal,_nodeal ,"(702, '_nodeal _deal')"
703,okay thank you !,_deal ,"(703, '_deal _thanks')"
704,ok deal,_deal ,"(704, '_deal')"
705,no deal,_nodeal ,"(705, '_nodeal _deal')"
706,no deal,_nodeal ,"(706, '_nodeal _deal')"
707,no deal,_nodeal ,"(707, '_nodeal _deal')"
708,ok deal,_deal ,"(708, '_deal')"
709,ok deal,_deal ,"(709, '_deal')"
710,no deal,_nodeal ,"(710, '_nodeal _deal')"
711,deal,_deal ,"(711, '_deal')"
712,okay deal .,_deal ,"(712, '_deal')"
713,deal,_deal ,"(713, '_deal')"
714,no deal,_nodeal ,"(714, '_nodeal _deal')"
715,ok deal,_deal ,"(715, '_deal')"
716,yes,_deal ,"(716, '_deal')"
717,no deal,_nodeal ,"(717, '_nodeal _deal')"
718,deal,_deal ,"(718, '_deal')"
719,3 balls and 1 book,_misc( _books 1 _balls 3) ,"(719, '_misc( _books 1 _balls 3 )')"
720,balls are 0 for me .,_need( _balls 0) ,"(720, '_need( _balls 0)')"
721,no deal,_nodeal ,"(721, '_nodeal _deal')"
722,thx,_deal _thanks ,"(722, '_deal _thanks')"
723,ok,_deal ,"(723, '_deal')"
724,no deal .,_nodeal ,"(724, '_nodeal')"
725,ok,_deal ,"(725, '_deal')"
726,agreed !,_deal ,"(726, '_deal')"
727,sorry no deal,_nodeal ,"(727, '_nodeal')"
728,deal,_deal ,"(728, '_deal')"
729,"all hats to me , you have rest",_need( _hats all ) _offer( rest) ,"(729, '_need( _hats all ) _offer( rest)')"
730,deal,_deal ,"(730, '_deal')"
731,no deal,_nodeal ,"(731, '_nodeal _deal')"
732,yes,_deal ,"(732, '_deal')"
733,deal,_deal ,"(733, '_deal')"
734,deal,_deal ,"(734, '_deal')"
735,yes,_deal ,"(735, '_deal')"
736,yes,_deal ,"(736, '_deal')"
737,no deal,_nodeal ,"(737, '_nodeal _deal')"
738,nope,_nodeal ,"(738, '_nodeal')"
739,no deal,_nodeal ,"(739, '_nodeal _deal')"
740,no deal,_nodeal ,"(740, '_nodeal _deal')"
741,ok,_deal ,"(741, '_deal')"
742,ok,_deal ,"(742, '_deal')"
743,no deal then,_nodeal ,"(743, '_nodeal _deal')"
744,no deal,_nodeal ,"(744, '_nodeal _deal')"
745,cool,_deal ,"(745, '_deal')"
746,then no deal,_nodeal ,"(746, '_nodeal _deal')"
747,no deal,_nodeal ,"(747, '_nodeal _deal')"
748,okay,_deal ,"(748, '_deal')"
749,great !,_deal ,"(749, '_deal')"
750,deal,_deal ,"(750, '_deal')"
751,"again , i get 2 balls and 1 hat and then i have 3 items and you have 4",_need( _hats 1 _balls 2) ,"(751, '_need( _hats 1 _balls 2 ) _offer( 3)')"
752,i can't do that,_nodeal ,"(752, '_nodeal')"
753,ok .,_deal ,"(753, '_deal')"
754,deal,_deal ,"(754, '_deal')"
755,okay,_deal ,"(755, '_deal')"
756,deal,_deal ,"(756, '_deal')"
757,sure,_deal ,"(757, '_deal')"
758,deal,_deal ,"(758, '_deal')"
759,hi,_greeting ,"(759, '_greeting')"
760,yes,_deal ,"(760, '_deal')"
761,thank you !,_deal ,"(761, '_deal _thanks')"
762,thanks,_deal _thanks ,"(762, '_deal _thanks')"
763,no deal,_nodeal ,"(763, '_nodeal _deal')"
764,add another ball and we call it the,_misc( _balls 1) ,"(764, '_need( _balls 1)')"
765,deal,_deal ,"(765, '_deal')"
766,no deal,_nodeal ,"(766, '_nodeal _deal')"
767,sure,_deal ,"(767, '_deal')"
768,"all balls to me , the rest to you",_need( _balls all) _offer( _books rest _hats rest ) ,"(768, '_need( rest) _offer( _balls all)')"
769,ok,_deal ,"(769, '_deal')"
770,deal,_deal ,"(770, '_deal')"
771,okay,_deal ,"(771, '_deal')"
772,"alright then , i will take 2 books and you can have the rest .",_need( _books 2 ) _offer( rest) ,"(772, '_need( _books 2 ) _offer( rest)')"
773,deal,_deal ,"(773, '_deal')"
774,ok,_deal ,"(774, '_deal')"
775,"okay , deal .",_deal ,"(775, '_deal')"
776,deal .,_deal ,"(776, '_deal')"
777,no deal,_nodeal ,"(777, '_nodeal _deal')"
778,no deal,_nodeal ,"(778, '_nodeal _deal')"
779,no deal,_nodeal ,"(779, '_nodeal _deal')"
780,no deal,_nodeal ,"(780, '_nodeal _deal')"
781,all i want is the hats .,_need( _hats all ) ,"(781, '_need( _hats all )')"
782,ok,_deal ,"(782, '_deal')"
783,thanks !,_deal _thanks ,"(783, '_deal _thanks')"
784,no deal .,_nodeal ,"(784, '_nodeal')"
785,balls and books for me,_need( _books all _balls all) ,"(785, '_need( _books all _balls all)')"
786,ok .,_deal ,"(786, '_deal')"
787,ok deal,_deal ,"(787, '_deal')"
788,okay deal,_deal ,"(788, '_deal')"
789,deal,_deal ,"(789, '_deal')"
790,yes,_deal ,"(790, '_deal')"
791,yes,_deal ,"(791, '_deal')"
792,deal,_deal ,"(792, '_deal')"
793,ok deal,_deal ,"(793, '_deal')"
794,no deal,_nodeal ,"(794, '_nodeal _deal')"
795,no deal,_nodeal ,"(795, '_nodeal _deal')"
796,deal,_deal ,"(796, '_deal')"
797,deal .,_deal ,"(797, '_deal')"
798,nope,_nodeal ,"(798, '_nodeal')"
799,sounds good,_deal ,"(799, '_deal')"
800,no deal,_nodeal ,"(800, '_nodeal _deal')"
801,agreed .,_deal ,"(801, '_deal')"
802,deal,_deal ,"(802, '_deal')"
803,okay .,_deal ,"(803, '_deal')"
804,ok,_deal ,"(804, '_deal')"
805,no deal,_nodeal ,"(805, '_nodeal _deal')"
806,ok,_deal ,"(806, '_deal')"
807,no deal,_nodeal ,"(807, '_nodeal _deal')"
808,no deal,_nodeal ,"(808, '_nodeal _deal')"
809,thanks !,_deal _thanks ,"(809, '_deal _thanks')"
810,then no deal,_nodeal ,"(810, '_nodeal _deal')"
811,okay deal,_deal ,"(811, '_deal')"
812,no deal,_nodeal ,"(812, '_nodeal _deal')"
813,ok deal,_deal ,"(813, '_deal')"
814,deal .,_deal ,"(814, '_deal')"
815,deal .,_deal ,"(815, '_deal')"
816,deal,_deal ,"(816, '_deal')"
817,okay,_deal ,"(817, '_deal')"
818,2 hats 1 ball for u,_offer( _hats 2 _balls 1) ,"(818, '_need( _hats 2 _balls 1)')"
819,deal,_deal ,"(819, '_deal')"
820,no deal,_nodeal ,"(820, '_nodeal _deal')"
821,no deal,_nodeal ,"(821, '_nodeal _deal')"
822,ok,_deal ,"(822, '_deal')"
823,ok deal,_deal ,"(823, '_deal')"
824,no deal,_nodeal ,"(824, '_nodeal _deal')"
825,are the books not worth for you ?,_misc( _books all ) ,"(825, '_offer( _books all )')"
826,are you kidding ? this is not how this works,_nodeal ,"(826, '_nodeal')"
827,ok deal .,_deal ,"(827, '_deal')"
828,all you want is the hats and i can take everything else ?,_need( rest) _offer( _hats all ) ,"(828, '_need( _hats all ) _offer( rest)')"
829,deal .,_deal ,"(829, '_deal')"
830,ok,_deal ,"(830, '_deal')"
831,"ok , deal",_deal ,"(831, '_deal')"
832,no deal .,_nodeal ,"(832, '_nodeal')"
833,deal,_deal ,"(833, '_deal')"
834,ok deal,_deal ,"(834, '_deal')"
835,deal .,_deal ,"(835, '_deal')"
836,deal,_deal ,"(836, '_deal')"
837,okay,_deal ,"(837, '_deal')"
838,great ! thank you !,_deal ,"(838, '_deal _thanks')"
839,hello,_greeting ,"(839, '_greeting')"
840,okay deal,_deal ,"(840, '_deal')"
841,sounds good .,_deal ,"(841, '_deal')"
842,ok deal,_deal ,"(842, '_deal')"
843,"are you able to select ""no deal was agreed"" ?",_nodeal ,"(843, '_nodeal _offer( _deal')"
844,deal .,_deal ,"(844, '_deal')"
845,book and one hat for me,_need( _books 1 _hats 1 ) ,"(845, '_need( _books 1 _hats 1 )')"
846,ok,_deal ,"(846, '_deal')"
847,deal,_deal ,"(847, '_deal')"
848,alright i will take the book . you take the rest .,_need( _books 1 ) _offer( rest) ,"(848, '_need( _books 1 ) _offer( rest)')"
849,book only,_misc( _books 1 ) ,"(849, '_need( _books 1 )')"
850,deal,_deal ,"(850, '_deal')"
851,deal,_deal ,"(851, '_deal')"
852,beautiful,_deal ,"(852, '_deal')"
853,deal,_deal ,"(853, '_deal')"
854,"2 books for me , you can have all the rest",_need( _books 2 ) _offer( rest) ,"(854, '_need( _books 2 ) _offer( rest)')"
855,ok deal .,_deal ,"(855, '_deal')"
856,thanks,_deal _thanks ,"(856, '_deal _thanks')"
857,yes,_deal ,"(857, '_deal')"
858,sounds good .,_deal ,"(858, '_deal')"
859,no deal,_nodeal ,"(859, '_nodeal _deal')"
860,yes .,_deal ,"(860, '_deal')"
861,2 hats and a ball or the book,_misc( _books ? _hats 2 _balls ?) ,"(861, '_misc( _books 1 _hats 2 _balls 1)')"
862,deal,_deal ,"(862, '_deal')"
863,deal,_deal ,"(863, '_deal')"
864,no deal,_nodeal ,"(864, '_nodeal _deal')"
865,ok,_deal ,"(865, '_deal')"
866,no deal,_nodeal ,"(866, '_nodeal _deal')"
867,"1 ball , 1 hat and 2 books for me",_need( _books 2 _hats 1 _balls 1) ,"(867, '_need( _books 2 _hats 1 _balls 1)')"
868,deal,_deal ,"(868, '_deal')"
869,deal,_deal ,"(869, '_deal')"
870,deal !,_deal ,"(870, '_deal')"
871,":  okay , you can have the ball , i'll take the hat and the 3 books",_deal _need( _books 3 _hats 1 ) _offer( _balls 1) ,"(871, '_offer( _books 3 _hats 1 _balls 1)')"
872,2 balls . . . you can have everything else,_need( _balls 2) _offer( rest) ,"(872, '_need( _balls 2 ) _offer( rest)')"
873,ok,_deal ,"(873, '_deal')"
874,no deal .,_nodeal ,"(874, '_nodeal')"
875,okay thank you !,_deal ,"(875, '_deal _thanks')"
876,great,_deal ,"(876, '_deal')"
877,no deal,_nodeal ,"(877, '_nodeal _deal')"
878,no deal .,_nodeal ,"(878, '_nodeal')"
879,deal,_deal ,"(879, '_deal')"
880,2 hats and one book for one ball,_need( _books 1 _hats 2 ) _offer( _books 1 ) ,"(880, '_misc( _books 1 _hats 2 _balls 1)')"
881,okay great ! thank you !,_deal ,"(881, '_deal _thanks')"
882,no deal .,_nodeal ,"(882, '_nodeal')"
883,ok no deal,_nodeal ,"(883, '_nodeal _deal')"
884,okay,_deal ,"(884, '_deal')"
885,deal,_deal ,"(885, '_deal')"
886,deal,_deal ,"(886, '_deal')"
887,all three hats,_misc( _hats 3 ) ,"(887, '_misc( _hats 3 )')"
888,ok,_deal ,"(888, '_deal')"
889,great,_deal ,"(889, '_deal')"
890,thanks,_deal _thanks ,"(890, '_deal _thanks')"
891,yes,_deal ,"(891, '_deal')"
892,agreed . which means i get two books and the ball .,_deal _need( _books 2 _balls 1) ,"(892, '_deal _need( _books 2 _balls 1)')"
893,okay deal .,_deal ,"(893, '_deal')"
894,deal .,_deal ,"(894, '_deal')"
895,deal,_deal ,"(895, '_deal')"
896,"and i will take the rest , good deal",_need( rest) ,"(896, '_need( rest) _deal')"
897,okay deal,_deal ,"(897, '_deal')"
898,deal .,_deal ,"(898, '_deal')"
899,agreed . no deal,_nodeal ,"(899, '_nodeal _deal')"
900,ok,_deal ,"(900, '_deal')"
901,fine,_deal ,"(901, '_deal')"
902,any way you will take the hat and the ball instead ?,_offer( _books 0 _hats 1 _balls 1) ,"(902, '_offer( _hats 1 _balls 1)')"
903,okay,_deal ,"(903, '_deal')"
904,no deal,_nodeal ,"(904, '_nodeal _deal')"
905,no deal,_nodeal ,"(905, '_nodeal _deal')"
906,deal,_deal ,"(906, '_deal')"
907,great,_deal ,"(907, '_deal')"
908,deal,_deal ,"(908, '_deal')"
909,yep,_deal ,"(909, '_deal')"
910,no deal .,_nodeal ,"(910, '_nodeal')"
911,deal,_deal ,"(911, '_deal')"
912,okay,_deal ,"(912, '_deal')"
913,ok,_deal ,"(913, '_deal')"
914,deal,_deal ,"(914, '_deal')"
915,and i get one ball,_need( _balls 1) ,"(915, '_need( _balls 1)')"
916,sure,_deal ,"(916, '_deal')"
917,alright i'm taking 3 books and the hat .,_need( _books 3 _hats 1 ) ,"(917, '_need( _books 3 _hats 1 )')"
918,nope,_nodeal ,"(918, '_nodeal')"
919,sure,_deal ,"(919, '_deal')"
920,book and three hats,_misc( _books 1 _hats 3 ) ,"(920, '_misc( _books 1 _hats 3 )')"
921,"ball to costly to me , book and all hats is worth less then ball for me",_need( _balls 1) ,"(921, '_need( _books 1 _hats all _balls 1)')"
922,no deal,_nodeal ,"(922, '_nodeal _deal')"
923,sure,_deal ,"(923, '_deal')"
924,deal .,_deal ,"(924, '_deal')"
925,no deal .,_nodeal ,"(925, '_nodeal')"
926,sure,_deal ,"(926, '_deal')"
927,all i need is the hat,_need( _hats 1 ) ,"(927, '_need( _hats 1 )')"
928,ok deal,_deal ,"(928, '_deal')"
929,no deal,_nodeal ,"(929, '_nodeal _deal')"
930,deal,_deal ,"(930, '_deal')"
931,no deal,_nodeal ,"(931, '_nodeal _deal')"
932,deal,_deal ,"(932, '_deal')"
933,sure,_deal ,"(933, '_deal')"
934,ok deal,_deal ,"(934, '_deal')"
935,great ! thank you !,_deal ,"(935, '_deal _thanks')"
936,deal .,_deal ,"(936, '_deal')"
937,no deal,_nodeal ,"(937, '_nodeal _deal')"
938,ok,_deal ,"(938, '_deal')"
939,"alright , you can have the hat , and the ball . i will take three books .",_need( _books 3 ) _offer( _hats 1 _balls 1) ,"(939, '_need( _books 3 _hats 1 _balls 1)')"
940,deal !,_deal ,"(940, '_deal')"
941,okay thank you !,_deal ,"(941, '_deal _thanks')"
942,deal,_deal ,"(942, '_deal')"
943,deal,_deal ,"(943, '_deal')"
944,okay,_deal ,"(944, '_deal')"
945,yep,_deal ,"(945, '_deal')"
946,deal,_deal ,"(946, '_deal')"
947,awesome .,_deal ,"(947, '_deal')"
948,yup impossible unless one person gets low points glad you understand,_nodeal ,"(948, '_offer( _need( 1)')"
949,no deal,_nodeal ,"(949, '_nodeal _deal')"
950,deal,_deal ,"(950, '_deal')"
951,i can do that,_deal ,"(951, '_deal')"
952,"a book , a ball and three hats",_misc( _books 1 _hats 3 ) ,"(952, '_misc( _books 1 _hats 3 _balls 1)')"
953,deal !,_deal ,"(953, '_deal')"
954,thanks,_deal _thanks ,"(954, '_deal _thanks')"
955,yes,_deal ,"(955, '_deal')"
956,deal,_deal ,"(956, '_deal')"
957,yes,_deal ,"(957, '_deal')"
958,yep,_deal ,"(958, '_deal')"
959,sounds good,_deal ,"(959, '_deal')"
960,never,_nodeal ,"(960, '_nodeal')"
961,are you interested in the hat at all ?,_misc( _hats 1 ) ,"(961, '_need( _hats 1 ) _offer( all )')"
962,1 hat 2 balls for m,_need( _hats 1 _balls 2) ,"(962, '_misc( _hats 1 _balls 2)')"
963,deal,_deal ,"(963, '_deal')"
964,ok,_deal ,"(964, '_deal')"
965,no deal,_nodeal ,"(965, '_nodeal _deal')"
966,deal,_deal ,"(966, '_deal')"
967,thank you !,_deal ,"(967, '_deal _thanks')"
968,okay great ! thank you !,_deal ,"(968, '_deal _thanks')"
969,deal,_deal ,"(969, '_deal')"
970,ok deal,_deal ,"(970, '_deal')"
971,deal,_deal ,"(971, '_deal')"
972,ok deal,_deal ,"(972, '_deal')"
973,yes,_deal ,"(973, '_deal')"
974,"agreed , you take the 4 books and i take ball and hat .",_deal _need( _hats 1 _balls 1) _offer( _books 4 ) ,"(974, '_deal _offer( _books 4 _hats 1 _balls 1)')"
975,ok,_deal ,"(975, '_deal')"
976,ok,_deal ,"(976, '_deal')"
977,no deal,_nodeal ,"(977, '_nodeal _deal')"
978,no deal,_nodeal ,"(978, '_nodeal _deal')"
979,no deal,_nodeal ,"(979, '_nodeal _deal')"
980,no deal,_nodeal ,"(980, '_nodeal _deal')"
981,"and we're still going to roll with an uneven split . in that case , i'll take the books and a hat , then ?",_need( _books all _hats 1 ) ,"(981, '_need( _books all _hats 1 )')"
982,all thebooks,_misc( _books all ) ,"(982, '_all _books all')"
983,yes,_deal ,"(983, '_deal')"
984,all i want is the hat you can have everything else,_need( _hats 1 ) _offer( rest) ,"(984, '_need( _hats 1 ) _offer( rest)')"
985,"ok , no deal",_nodeal ,"(985, '_nodeal _deal')"
986,deal .,_deal ,"(986, '_deal')"
987,okay,_deal ,"(987, '_deal')"
988,no deal,_nodeal ,"(988, '_nodeal _deal')"
989,"balls arnt doing much for me , that book though .",_need( _books 1 _balls 0) ,"(989, '_need( _books 1 _balls 1)')"
990,no,_nodeal ,"(990, '_nodeal')"
991,deal .,_deal ,"(991, '_deal')"
992,ok no deal,_nodeal ,"(992, '_nodeal _deal')"
993,agreed you get 1 book and i get everything else,_deal _need( rest) _offer( _books 1 ) ,"(993, '_deal _offer( _books 1 )')"
994,deal,_deal ,"(994, '_deal')"
995,deal,_deal ,"(995, '_deal')"
996,no deal,_nodeal ,"(996, '_nodeal _deal')"
997,no deal,_nodeal ,"(997, '_nodeal _deal')"
998,sounds good,_deal ,"(998, '_deal')"
999,okay deal,_deal ,"(999, '_deal')"
1000,deal,_deal ,"(1000, '_deal')"
1001,ok deal,_deal ,"(1001, '_deal')"
1002,ok,_deal ,"(1002, '_deal')"
1003,fine,_deal ,"(1003, '_deal')"
1004,ok,_deal ,"(1004, '_deal')"
1005,ok,_deal ,"(1005, '_deal')"
1006,deal,_deal ,"(1006, '_deal')"
1007,no deal .,_nodeal ,"(1007, '_nodeal')"
1008,deal,_deal ,"(1008, '_deal')"
1009,i can't do that,_nodeal ,"(1009, '_nodeal')"
1010,okay,_deal ,"(1010, '_deal')"
1011,okay deal .,_deal ,"(1011, '_deal')"
1012,okay great ! thank you !,_deal ,"(1012, '_deal _thanks')"
1013,deal,_deal ,"(1013, '_deal')"
1014,deal .,_deal ,"(1014, '_deal')"
1015,deal .,_deal ,"(1015, '_deal')"
1016,balls are not 5 each for me i have not value for the hat also does not indicate no value just no value to me .,_need( _hats 0 ) ,"(1016, '_need( _hats 1 _balls 0)')"
1017,ok,_deal ,"(1017, '_deal')"
1018,deal,_deal ,"(1018, '_deal')"
1019,deal,_deal ,"(1019, '_deal')"
1020,ok,_deal ,"(1020, '_deal')"
1021,no deal,_nodeal ,"(1021, '_nodeal _deal')"
1022,deal .,_deal ,"(1022, '_deal')"
1023,sure,_deal ,"(1023, '_deal')"
1024,great,_deal ,"(1024, '_deal')"
1025,deal,_deal ,"(1025, '_deal')"
1026,2 balls 1 hat for you,_offer( _hats 1 _balls 2) ,"(1026, '_offer( _hats 1 _balls 2)')"
1027,deal,_deal ,"(1027, '_deal')"
1028,deal .,_deal ,"(1028, '_deal')"
1029,okay thank you !,_deal ,"(1029, '_deal _thanks')"
1030,alright . i take the book . you take the rest .,_yes _need( _books 1 ) _offer( rest) ,"(1030, '_need( _books 1 ) _offer( rest)')"
1031,deal .,_deal ,"(1031, '_deal')"
1032,"no , for me .",_nodeal ,"(1032, '_nodeal')"
1033,sounds good .,_deal ,"(1033, '_deal')"
1034,3 hats and 1 ball ?,_misc( _hats 3 _balls 1) ,"(1034, '_misc( _hats 3 _balls 1)')"
1035,deal,_deal ,"(1035, '_deal')"
1036,deal,_deal ,"(1036, '_deal')"
1037,deal .,_deal ,"(1037, '_deal')"
1038,deal,_deal ,"(1038, '_deal')"
1039,ok deal,_deal ,"(1039, '_deal')"
1040,deal .,_deal ,"(1040, '_deal')"
1041,no deal .,_nodeal ,"(1041, '_nodeal')"
1042,yes .,_deal ,"(1042, '_deal')"
1043,deal .,_deal ,"(1043, '_deal')"
1044,ok deal,_deal ,"(1044, '_deal')"
1045,deal .,_deal ,"(1045, '_deal')"
1046,deal,_deal ,"(1046, '_deal')"
1047,deal,_deal ,"(1047, '_deal')"
1048,then no deal,_nodeal ,"(1048, '_nodeal _deal')"
1049,ok deal,_deal ,"(1049, '_deal')"
1050,deal,_deal ,"(1050, '_deal')"
1051,book and 2 hats to me,_need( _books 1 _hats 2 ) ,"(1051, '_need( _books 1 _hats 2 )')"
1052,deal .,_deal ,"(1052, '_deal')"
1053,hi,_greeting ,"(1053, '_greeting')"
1054,great,_deal ,"(1054, '_deal')"
1055,all the balls if i get the hat too .,_need( _hats 1 ) _offer( _balls all) ,"(1055, '_need( _hats 1 _balls all)')"
1056,no deal,_nodeal ,"(1056, '_nodeal _deal')"
1057,yes,_deal ,"(1057, '_deal')"
1058,sounds good,_deal ,"(1058, '_deal')"
1059,deal .,_deal ,"(1059, '_deal')"
1060,agreed,_deal ,"(1060, '_deal')"
1061,2 hats and a book for me,_need( _books 1 _hats 2 ) ,"(1061, '_need( _books 1 _hats 2 )')"
1062,deal,_deal ,"(1062, '_deal')"
1063,ok deal,_deal ,"(1063, '_deal')"
1064,deal .,_deal ,"(1064, '_deal')"
1065,ok,_deal ,"(1065, '_deal')"
1066,cool,_deal ,"(1066, '_deal')"
1067,book is worth 7 to me,_need( _books 1 ) ,"(1067, '_need( _books 1 )')"
1068,deal,_deal ,"(1068, '_deal')"
1069,i can't do that,_nodeal ,"(1069, '_nodeal')"
1070,great,_deal ,"(1070, '_deal')"
1071,no deal,_nodeal ,"(1071, '_nodeal _deal')"
1072,ok,_deal ,"(1072, '_deal')"
1073,yes,_deal ,"(1073, '_deal')"
1074,deal,_deal ,"(1074, '_deal')"
1075,yes,_deal ,"(1075, '_deal')"
1076,fine,_deal ,"(1076, '_deal')"
1077,deal,_deal ,"(1077, '_deal')"
1078,yes,_deal ,"(1078, '_deal')"
1079,1 book and 1 hat,_misc( _books 1 _hats 1 ) ,"(1079, '_misc( _books 1 _hats 1 )')"
1080,i agree .,_deal ,"(1080, '_deal')"
1081,deal,_deal ,"(1081, '_deal')"
1082,"alright , even though its a loss for me , you take the book , and i'll take the rest .",_deal _need( rest) _offer( _books 1 ) ,"(1082, '_deal _need( _books 1 ) _offer( rest)')"
1083,ok,_deal ,"(1083, '_deal')"
1084,then no deal,_nodeal ,"(1084, '_nodeal _deal')"
1085,1 book and 1 hat . final offer,_misc( _books 1 _hats 1 ) ,"(1085, '_offer( _books 1 _hats 1 )')"
1086,no deal then,_nodeal ,"(1086, '_nodeal _deal')"
1087,annoyingly reasonable . . . 8 ^ . . . ill agree,_deal ,"(1087, '_deal')"
1088,deal,_deal ,"(1088, '_deal')"
1089,fine,_deal ,"(1089, '_deal')"
1090,no deal,_nodeal ,"(1090, '_nodeal _deal')"
1091,no deal,_nodeal ,"(1091, '_nodeal _deal')"
1092,okay deal,_deal ,"(1092, '_deal')"
1093,ok deal,_deal ,"(1093, '_deal')"
1094,deal,_deal ,"(1094, '_deal')"
1095,deal,_deal ,"(1095, '_deal')"
1096,okay deal,_deal ,"(1096, '_deal')"
1097,deal .,_deal ,"(1097, '_deal')"
1098,okay .,_deal ,"(1098, '_deal')"
1099,ok,_deal ,"(1099, '_deal')"
1100,never,_nodeal ,"(1100, '_nodeal')"
1101,ok deal,_deal ,"(1101, '_deal')"
1102,yup,_deal ,"(1102, '_deal')"
1103,deal,_deal ,"(1103, '_deal')"
1104,ok deal .,_deal ,"(1104, '_deal')"
1105,i agree .,_deal ,"(1105, '_deal')"
1106,deal,_deal ,"(1106, '_deal')"
1107,thanks,_deal _thanks ,"(1107, '_deal _thanks')"
1108,deal,_deal ,"(1108, '_deal')"
1109,deal .,_deal ,"(1109, '_deal')"
1110,no deal,_nodeal ,"(1110, '_nodeal _deal')"
1111,okay great ! thank you !,_deal ,"(1111, '_deal _thanks')"
1112,no,_nodeal ,"(1112, '_nodeal')"
1113,no deal then .,_nodeal ,"(1113, '_nodeal')"
1114,deal,_deal ,"(1114, '_deal')"
1115,deal,_deal ,"(1115, '_deal')"
1116,no deal .,_nodeal ,"(1116, '_nodeal')"
1117,no deal .,_nodeal ,"(1117, '_nodeal')"
1118,yep,_deal ,"(1118, '_deal')"
1119,deal . thank you,_deal _thanks ,"(1119, '_deal _thanks')"
1120,ok deal,_deal ,"(1120, '_deal')"
1121,thanks,_deal _thanks ,"(1121, '_deal _thanks')"
1122,okay .,_deal ,"(1122, '_deal')"
1123,deal,_deal ,"(1123, '_deal')"
1124,ok thanks,_deal ,"(1124, '_deal _thanks')"
1125,yes,_deal ,"(1125, '_deal')"
1126,ok,_deal ,"(1126, '_deal')"
1127,deal .,_deal ,"(1127, '_deal')"
1128,alright no deal .,_nodeal ,"(1128, '_nodeal')"
1129,ok,_deal ,"(1129, '_deal')"
1130,i agree .,_deal ,"(1130, '_deal')"
1131,"ok , deal",_deal ,"(1131, '_deal')"
1132,are you sure you can't take all three balls ?,_need( _balls 3) ,"(1132, '_need( _balls 3 ) _offer( all)')"
1133,ok deal .,_deal ,"(1133, '_deal')"
1134,hi,_greeting ,"(1134, '_greeting')"
1135,deal .,_deal ,"(1135, '_deal')"
1136,deal,_deal ,"(1136, '_deal')"
1137,deal,_deal ,"(1137, '_deal')"
1138,1 book 1 ball,_misc( _books 1 _balls 1) ,"(1138, '_misc( _books 1 _balls 1)')"
1139,great,_deal ,"(1139, '_deal')"
1140,ok deal,_deal ,"(1140, '_deal')"
1141,ok deal,_deal ,"(1141, '_deal')"
1142,ok,_deal ,"(1142, '_deal')"
1143,ok,_deal ,"(1143, '_deal')"
1144,no can do,_nodeal ,"(1144, '_nodeal')"
1145,fine,_deal ,"(1145, '_deal')"
1146,thanks,_deal _thanks ,"(1146, '_deal _thanks')"
1147,ok,_deal ,"(1147, '_deal')"
1148,deal,_deal ,"(1148, '_deal')"
1149,ok,_deal ,"(1149, '_deal')"
1150,ok,_deal ,"(1150, '_deal')"
1151,no deal .,_nodeal ,"(1151, '_nodeal')"
1152,deal,_deal ,"(1152, '_deal')"
1153,ok deal .,_deal ,"(1153, '_deal')"
1154,i agree .,_deal ,"(1154, '_deal')"
1155,no deal,_nodeal ,"(1155, '_nodeal _deal')"
1156,agreed,_deal ,"(1156, '_deal')"
1157,okay thank you !,_deal ,"(1157, '_deal _thanks')"
1158,yes,_deal ,"(1158, '_deal')"
1159,4 : 1 is not fair . you can have both hats and one book .,_counteroffer _offer( _books 1 _hats 2 ) ,"(1159, '_need( _books 1 _hats 2 )')"
1160,alright .,_deal ,"(1160, '_deal')"
1161,deal,_deal ,"(1161, '_deal')"
1162,deal,_deal ,"(1162, '_deal')"
1163,1 book and 1 hat for you,_offer( _books 1 _hats 1 ) ,"(1163, '_offer( _books 1 _hats 1 )')"
1164,great,_deal ,"(1164, '_deal')"
1165,"ok , deal .",_deal ,"(1165, '_deal')"
1166,ok deal,_deal ,"(1166, '_deal')"
1167,thanks,_deal _thanks ,"(1167, '_deal _thanks')"
1168,great,_deal ,"(1168, '_deal')"
1169,deal,_deal ,"(1169, '_deal')"
1170,fine,_deal ,"(1170, '_deal')"
1171,no deal .,_nodeal ,"(1171, '_nodeal')"
1172,deal,_deal ,"(1172, '_deal')"
1173,2 balls and we have a deal,_misc( _balls 2) ,"(1173, '_need( _balls 2) _deal')"
1174,deal,_deal ,"(1174, '_deal')"
1175,deal .,_deal ,"(1175, '_deal')"
1176,okay no deal .,_nodeal ,"(1176, '_nodeal')"
1177,sure,_deal ,"(1177, '_deal')"
1178,yup,_deal ,"(1178, '_deal')"
1179,deal,_deal ,"(1179, '_deal')"
1180,deal,_deal ,"(1180, '_deal')"
1181,no deal,_nodeal ,"(1181, '_nodeal _deal')"
1182,3 hats for 1 book and 3 balls,_need( _hats 3 ) _offer( _books 1 _balls 2) ,"(1182, '_misc( _books 1 _hats 3 _balls 1)')"
1183,ok deal,_deal ,"(1183, '_deal')"
1184,deal,_deal ,"(1184, '_deal')"
1185,yes,_deal ,"(1185, '_deal')"
1186,deal,_deal ,"(1186, '_deal')"
1187,no deal,_nodeal ,"(1187, '_nodeal _deal')"
1188,sounds good,_deal ,"(1188, '_deal')"
1189,alright youcan have three hats and one book ?,_offer( _books 1 _hats 3 ) ,"(1189, '_yes _need( _books 1 _hats 3 )')"
1190,no deal,_nodeal ,"(1190, '_nodeal _deal')"
1191,ok,_deal ,"(1191, '_deal')"
1192,"book is straight up the only thing that has value for me , i would like it and nothing else .",_need( _books 1 ) ,"(1192, '_need( _books 1 )')"
1193,and i need the hats and ball,_need( _hats all _balls 1) ,"(1193, '_need( _hats all _balls all)')"
1194,no deal,_nodeal ,"(1194, '_nodeal _deal')"
1195,deal .,_deal ,"(1195, '_deal')"
1196,deal,_deal ,"(1196, '_deal')"
1197,ok,_deal ,"(1197, '_deal')"
1198,i can do that,_deal ,"(1198, '_deal')"
1199,no deal,_nodeal ,"(1199, '_nodeal _deal')"
1200,ok,_deal ,"(1200, '_deal')"
1201,deal !,_deal ,"(1201, '_deal')"
1202,okay .,_deal ,"(1202, '_deal')"
1203,book and one ball for you,_offer( _books 1 _balls 1) ,"(1203, '_offer( _books 1 _balls 1)')"
1204,alright sounds good .,_deal ,"(1204, '_deal')"
1205,okay .,_deal ,"(1205, '_deal')"
1206,okay no deal .,_nodeal ,"(1206, '_nodeal')"
1207,book and 3 hats for me,_need( _books 1 _hats 3 ) ,"(1207, '_need( _books 1 _hats 3 )')"
1208,ok deal,_deal ,"(1208, '_deal')"
1209,"1 hat or the rest are the same amount of points for me , and its low",_need( _hats 1 ) ,"(1209, '_need( _hats 1 ) _offer( rest)')"
1210,ok,_deal ,"(1210, '_deal')"
1211,ok,_deal ,"(1211, '_deal')"
1212,ok,_deal ,"(1212, '_deal')"
1213,book yes but only one hat for you,_need( _books 1 ) _offer( _hats 1 ) ,"(1213, '_offer( _books 1 _hats 1 )')"
1214,ok,_deal ,"(1214, '_deal')"
1215,great,_deal ,"(1215, '_deal')"
1216,deal,_deal ,"(1216, '_deal')"
1217,ok deal,_deal ,"(1217, '_deal')"
1218,deal,_deal ,"(1218, '_deal')"
1219,"ok , deal .",_deal ,"(1219, '_deal')"
1220,ok,_deal ,"(1220, '_deal')"
1221,ok,_deal ,"(1221, '_deal')"
1222,okay,_deal ,"(1222, '_deal')"
1223,no deal,_nodeal ,"(1223, '_nodeal _deal')"
1224,no deal,_nodeal ,"(1224, '_nodeal _deal')"
1225,"alright , the balls and one book ?",_counteroffer _misc( _books 1 _balls all) ,"(1225, '_deal _need( _books 1 _balls 1)')"
1226,nope,_nodeal ,"(1226, '_nodeal')"
1227,any way you'd give up the book for balls ?,_need( _hats 1 ) _offer( _balls all) ,"(1227, '_need( _books 1 _balls 1)')"
1228,no deal,_nodeal ,"(1228, '_nodeal _deal')"
1229,no deal,_nodeal ,"(1229, '_nodeal _deal')"
1230,deal,_deal ,"(1230, '_deal')"
1231,deal,_deal ,"(1231, '_deal')"
1232,deal,_deal ,"(1232, '_deal')"
1233,deal,_deal ,"(1233, '_deal')"
1234,deal,_deal ,"(1234, '_deal')"
1235,deal,_deal ,"(1235, '_deal')"
1236,2 balls and 2 hats ?,_misc( _hats 2 _balls 2) ,"(1236, '_misc( _hats 2 _balls 2)')"
1237,ok deal,_deal ,"(1237, '_deal')"
1238,no deal .,_nodeal ,"(1238, '_nodeal')"
1239,no deal,_nodeal ,"(1239, '_nodeal _deal')"
1240,no deal .,_nodeal ,"(1240, '_nodeal')"
1241,great,_deal ,"(1241, '_deal')"
1242,yes,_deal ,"(1242, '_deal')"
1243,okay deal,_deal ,"(1243, '_deal')"
1244,yes,_deal ,"(1244, '_deal')"
1245,no,_nodeal ,"(1245, '_nodeal')"
1246,deal !,_deal ,"(1246, '_deal')"
1247,deal .,_deal ,"(1247, '_deal')"
1248,deal,_deal ,"(1248, '_deal')"
1249,balls are zero for me =\,_need( _balls 0) ,"(1249, '_need( _balls 0)')"
1250,ok,_deal ,"(1250, '_deal')"
1251,and i would only have 3 if you get the ball and book .,_offer( _books 1 _balls 1) ,"(1251, '_need( _books 1 _balls 1) _offer( 3)')"
1252,book and hats is only 4,_misc( _books 1 _hats all ) ,"(1252, '_need( _books 1 _hats 4 )')"
1253,yes,_deal ,"(1253, '_deal')"
1254,no way,_nodeal ,"(1254, '_nodeal')"
1255,deal,_deal ,"(1255, '_deal')"
1256,ok deal,_deal ,"(1256, '_deal')"
1257,okay,_deal ,"(1257, '_deal')"
1258,deal,_deal ,"(1258, '_deal')"
1259,hi,_greeting ,"(1259, '_greeting')"
1260,no deal,_nodeal ,"(1260, '_nodeal _deal')"
1261,at least one book . 3 hats and one book,_misc( _books 1 _hats 3 ) ,"(1261, '_misc( _books 1 _hats 3 )')"
1262,balls hace zero value on my end,_need( _balls 0) ,"(1262, '_need( _balls 0)')"
1263,no deal .,_nodeal ,"(1263, '_nodeal')"
1264,ok,_deal ,"(1264, '_deal')"
1265,deal,_deal ,"(1265, '_deal')"
1266,no deal,_nodeal ,"(1266, '_nodeal _deal')"
1267,deal .,_deal ,"(1267, '_deal')"
1268,1 hat 1 ball and i keep the rest,_need( rest) _offer( _hats 1 _balls 1) ,"(1268, '_need( _hats 1 _balls 1)')"
1269,haha no,_nodeal ,"(1269, '_nodeal')"
1270,no deal,_nodeal ,"(1270, '_nodeal _deal')"
1271,books all yours but not the hat,_need( _hats 1 ) _offer( _books all ) ,"(1271, '_need( _books all ) _hats 1 _offer( )')"
1272,deal,_deal ,"(1272, '_deal')"
1273,deal,_deal ,"(1273, '_deal')"
1274,agreed .,_deal ,"(1274, '_deal')"
1275,books and hats,_misc( _books all _hats all ) ,"(1275, '_misc( _books all _hats all )')"
1276,no deal,_nodeal ,"(1276, '_nodeal _deal')"
1277,ok,_deal ,"(1277, '_deal')"
1278,"2 hats and a book for me , you get rest ?",_need( _books 1 _hats 2 ) _offer( rest) ,"(1278, '_need( _books 1 _hats 2 ) _offer( rest)')"
1279,ok,_deal ,"(1279, '_deal')"
1280,ok deal,_deal ,"(1280, '_deal')"
1281,deal,_deal ,"(1281, '_deal')"
1282,thanks,_deal _thanks ,"(1282, '_deal _thanks')"
1283,thank you,_deal _thanks ,"(1283, '_deal _thanks')"
1284,deal .,_deal ,"(1284, '_deal')"
1285,ball is 7 .,_need( _balls 1) ,"(1285, '_need( _balls 1)')"
1286,deal .,_deal ,"(1286, '_deal')"
1287,deal,_deal ,"(1287, '_deal')"
1288,ok deal .,_deal ,"(1288, '_deal')"
1289,deal,_deal ,"(1289, '_deal')"
1290,ok,_deal ,"(1290, '_deal')"
1291,no deal,_nodeal ,"(1291, '_nodeal _deal')"
1292,ok deal,_deal ,"(1292, '_deal')"
1293,"as it is to me , you can have everything else if i can have the hat",_need( _hats 1 ) _offer( rest) ,"(1293, '_need( _hats 1 ) _offer( rest)')"
1294,okay,_deal ,"(1294, '_deal')"
1295,ball and one hat,_misc( _hats 1 _balls 1) ,"(1295, '_misc( _hats 1 _balls 1)')"
1296,ok,_deal ,"(1296, '_deal')"
1297,okay,_deal ,"(1297, '_deal')"
1298,sounds good,_deal ,"(1298, '_deal')"
1299,no deal .,_nodeal ,"(1299, '_nodeal')"
1300,deal,_deal ,"(1300, '_deal')"
1301,ok deal,_deal ,"(1301, '_deal')"
1302,thank you .,_deal ,"(1302, '_deal _thanks')"
1303,deal,_deal ,"(1303, '_deal')"
1304,great,_deal ,"(1304, '_deal')"
1305,ball and books for me,_need( _books all _balls 1) ,"(1305, '_need( _books all _balls 1)')"
1306,ok deal,_deal ,"(1306, '_deal')"
1307,no deal,_nodeal ,"(1307, '_nodeal _deal')"
1308,no deal .,_nodeal ,"(1308, '_nodeal')"
1309,no can do,_nodeal ,"(1309, '_nodeal')"
1310,ok,_deal ,"(1310, '_deal')"
1311,hi,_greeting ,"(1311, '_greeting')"
1312,okay no deal .,_nodeal ,"(1312, '_nodeal')"
1313,ok,_deal ,"(1313, '_deal')"
1314,sure,_deal ,"(1314, '_deal')"
1315,ok,_deal ,"(1315, '_deal')"
1316,ok,_deal ,"(1316, '_deal')"
1317,deal,_deal ,"(1317, '_deal')"
1318,deal,_deal ,"(1318, '_deal')"
1319,"best i can do is i keep the hat , you get everything else .",_need( _hats 1 ) _offer( rest) ,"(1319, '_need( _hats 1 ) _offer( rest)')"
1320,ball and two books for you,_offer( _books 2 _balls 1) ,"(1320, '_offer( _books 2 _balls 1)')"
1321,deal,_deal ,"(1321, '_deal')"
1322,okay thank you !,_deal ,"(1322, '_deal _thanks')"
1323,ok,_deal ,"(1323, '_deal')"
1324,no deal then,_nodeal ,"(1324, '_nodeal _deal')"
1325,deal,_deal ,"(1325, '_deal')"
1326,balls have 0 value on my end,_need( _balls 0) ,"(1326, '_need( _balls 0)')"
1327,no deal .,_nodeal ,"(1327, '_nodeal')"
1328,2 hats and the book .,_misc( _books 1 _hats 2 ) ,"(1328, '_misc( _books 1 _hats 2 )')"
1329,deal,_deal ,"(1329, '_deal')"
1330,no deal,_nodeal ,"(1330, '_nodeal _deal')"
1331,2 balls 1 book is my best offer,_misc( _books 1 _balls 2) ,"(1331, '_offer( _books 1 _balls 2 )')"
1332,ok,_deal ,"(1332, '_deal')"
1333,no deal,_nodeal ,"(1333, '_nodeal _deal')"
1334,yep,_deal ,"(1334, '_deal')"
1335,ok deal,_deal ,"(1335, '_deal')"
1336,ok deal,_deal ,"(1336, '_deal')"
1337,no deal,_nodeal ,"(1337, '_nodeal _deal')"
1338,deal .,_deal ,"(1338, '_deal')"
1339,deal,_deal ,"(1339, '_deal')"
1340,ok,_deal ,"(1340, '_deal')"
1341,ok,_deal ,"(1341, '_deal')"
1342,ok,_deal ,"(1342, '_deal')"
1343,"3 balls to you , the rest to me",_need( rest) _offer( _balls 3) ,"(1343, '_need( rest) _offer( _balls 3 )')"
1344,okay thank you !,_deal ,"(1344, '_deal _thanks')"
1345,ok,_deal ,"(1345, '_deal')"
1346,no deal then,_nodeal ,"(1346, '_nodeal _deal')"
1347,deal,_deal ,"(1347, '_deal')"
1348,deal,_deal ,"(1348, '_deal')"
1349,sure,_deal ,"(1349, '_deal')"
1350,deal,_deal ,"(1350, '_deal')"
1351,deal,_deal ,"(1351, '_deal')"
1352,ok,_deal ,"(1352, '_deal')"
1353,okay,_deal ,"(1353, '_deal')"
1354,2 hats 3 balls,_misc( _hats 2 _balls 3) ,"(1354, '_misc( _hats 2 _balls 3 )')"
1355,okay deal,_deal ,"(1355, '_deal')"
1356,balls have zero value for me,_need( _balls 0) ,"(1356, '_need( _balls zero)')"
1357,deal .,_deal ,"(1357, '_deal')"
1358,sounds good,_deal ,"(1358, '_deal')"
1359,no deal,_nodeal ,"(1359, '_nodeal _deal')"
1360,deal,_deal ,"(1360, '_deal')"
1361,ball and 1 book is my best offer .,_misc( _books 1 _balls 1) ,"(1361, '_offer( _books 1 _balls 1)')"
1362,2 books and a hat,_misc( _books 2 _hats 1 ) ,"(1362, '_misc( _books 2 _hats 1 )')"
1363,deal,_deal ,"(1363, '_deal')"
1364,okay,_deal ,"(1364, '_deal')"
1365,sounds good,_deal ,"(1365, '_deal')"
1366,okay,_deal ,"(1366, '_deal')"
1367,2 books and 2 hats,_misc( _books 2 _hats 2 ) ,"(1367, '_misc( _books 2 _hats 2 )')"
1368,ok,_deal ,"(1368, '_deal')"
1369,deal,_deal ,"(1369, '_deal')"
1370,"bad deal for me , i take hat and one ball",_counteroffer _need( _hats 1 _balls 1) ,"(1370, '_need( _hats 1 _balls 1) _deal')"
1371,book plus one ball ?,_misc( _books 1 _balls 1) ,"(1371, '_misc( _books 1 _balls 1)')"
1372,3 hats and 1 book and we have a deal,_misc( _books 1 _hats 3 ) ,"(1372, '_need( _books 1 _hats 3 )')"
1373,1 hat 1 book,_misc( _books 1 _hats 1 ) ,"(1373, '_misc( _books 1 _hats 1 )')"
1374,deal,_deal ,"(1374, '_deal')"
1375,deal .,_deal ,"(1375, '_deal')"
1376,okay deal,_deal ,"(1376, '_deal')"
1377,deal,_deal ,"(1377, '_deal')"
1378,ok,_deal ,"(1378, '_deal')"
1379,deal,_deal ,"(1379, '_deal')"
1380,ok,_deal ,"(1380, '_deal')"
1381,no deal,_nodeal ,"(1381, '_nodeal _deal')"
1382,deal,_deal ,"(1382, '_deal')"
1383,book for you,_offer( _books 1 ) ,"(1383, '_offer( _books 1 )')"
1384,balls and hats for me,_need( _hats all _balls all) ,"(1384, '_need( _hats all _balls all)')"
1385,and i get the two books and the ball,_need( _books 2 _balls 1) ,"(1385, '_need( _books 2 _balls 1)')"
1386,great,_deal ,"(1386, '_deal')"
1387,no .,_nodeal ,"(1387, '_nodeal')"
1388,ok,_deal ,"(1388, '_deal')"
1389,ok,_deal ,"(1389, '_deal')"
1390,yup,_deal ,"(1390, '_deal')"
1391,no deal,_nodeal ,"(1391, '_nodeal _deal')"
1392,deal .,_deal ,"(1392, '_deal')"
1393,balls are mine you can have one book though,_need( _balls all) _offer( _books 1 ) ,"(1393, '_need( _books 1 _balls 1)')"
1394,deal .,_deal ,"(1394, '_deal')"
1395,okay,_deal ,"(1395, '_deal')"
1396,are you serious ? how is that a legitmate offer ?,_nodeal ,"(1396, '_offer( _uns 1 )')"
1397,1 book 1 hat,_misc( _books 1 _hats 1 ) ,"(1397, '_misc( _books 1 _hats 1 )')"
1398,deal,_deal ,"(1398, '_deal')"
1399,deal,_deal ,"(1399, '_deal')"
1400,okay thank you !,_deal ,"(1400, '_deal _thanks')"
1401,okay,_deal ,"(1401, '_deal')"
1402,deal,_deal ,"(1402, '_deal')"
1403,sounds good,_deal ,"(1403, '_deal')"
